Combination,Propellant Mass [kg],Inert Mass [kg],Total Mass [kg] (including payload),First Stage Burn Time [sec],Second Stage Burn Time [sec],Maximum Dynamic Pressure (Max Q) [kPa],Delta V [km/s],Payload Mass (kg),Alt [km],Diameter 1,Diameter 2,(L/D),Name of Tester,Evaluation Function,time factor,payload factor,Altitude Factor,total mass factor,Dynamic Pressure Factor,L/D Factor,Normalized Data by max value,time factor,payload factor,Altitude Factor,total mass factor,Dynamic Pressure Factor,L/D factor,Weights,time factor,payload factor,Altitude Factor,total mass factor,Dynamic Pressure Factor,L/D Factor,Value,Cost,,,Value,Cost
01040709,25.3469071,5.31840531,31.6653124,7.03189271,4.65502953,962.909762,4.9935,1,100,4,3.5,24.58277566,Rishie,,0.83478016,0.1,0.965530559,0.180258773,1.688831847,0.9572496134,,0.406071789,0.1,0.25,0.4141623863,1,0.9572511218,First Go,bad,good,good,bad,bad,good,0.561,0.647,,,0.455,0.589
01040710,26.4967503,5.55490978,33.0516601,7.37150683,4.83998517,913.046643,5.0257,1,125,4,3.5,25.69795461,Rishie,,0.8722494286,0.1,1.206913199,0.1884360754,1.60137773,0.9418299191,,0.4242983996,0.1,0.3125,0.4329505485,0.9482162078,0.9418314033,,0.2,0.05,0.5,0.4,0.4,0.45,0.585,0.637,,,0.491,0.587
01040711,27.6359886,5.78913918,34.4251278,7.70839528,5.02271861,865.896038,5.0556,1,150,4,3.5,26.80284838,Rishie,,0.9093652779,0.1,1.448295839,0.1965379592,1.518681047,0.9257626145,,0.4423530923,0.1,0.375,0.4515654293,0.8992494127,0.9257640734,,bad sum,good sum,,,,,0.609,0.629,,,0.526,0.585
01040712,29.3440946,6.14017025,36.4842649,8.21419222,5.29583357,794.376382,5.0971,1,200,4,3.5,28.45946022,Rishie,,0.9650018421,0.1,1.931061118,0.208685441,1.39324388,0.9008916208,,0.4694170312,0.1,0.5,0.4794754719,0.8249748973,0.9008930405,,1,1,,,,,0.660,0.616,,,0.600,0.582
01040713,30.9409836,6.46819044,38.4091741,8.68772954,5.55029941,730.169123,5.1327,1,250,4,3.5,30.00820792,,,1.017002068,0.1,2.413826398,0.2200419844,1.280631807,0.8773755156,,0.4947121037,0.1,0.625,0.5055682553,0.7582944444,0.8773768982,,,,,,,,0.712,0.604,,,0.674,0.580
01040714,32.4328961,6.77452607,40.2074222,9.13066455,5.78737967,673.903967,5.1635,1,300,4,3.5,31.45514384,,,1.065574587,0.1,2.896591677,0.2306519699,1.181949261,0.8555471015,,0.5183397972,0.1,0.75,0.529945748,0.6998620157,0.8555484497,,,,,,,,0.765,0.596,,,0.749,0.580
01040715,35.1267053,7.3273867,43.454092,9.93154243,6.21401057,591.660991,5.2139,1,400,4,3.5,34.06774296,,,1.153253786,0.1,3.862122236,0.249809445,1.037704636,0.8171487994,,0.5609906061,0.1,1,0.5739619446,0.6144511296,0.8171500871,,,,,,,,0.873,0.588,,,0.900,0.585
01040809,28.3006671,5.92575817,35.2264252,7.90513547,5.12911894,746.450622,5.0722,1,100,4,4,22.61603391,Rishie,,0.9310181721,0.1,0.965530559,0.2012649317,1.309187665,0.9810167111,,0.4528859607,0.1,0.25,0.4624261166,0.7752030891,0.981018257,,,,,,,,0.571,0.586,,,0.462,0.555
01040810,29.5476074,6.18198217,36.7295896,8.27451619,5.32830542,706.515116,5.1018,1,125,4,4,23.61250668,Harry,,0.971630115,0.1,1.206913199,0.2101327563,1.239145427,0.9696660445,,0.4726412988,0.1,0.3125,0.4828008222,0.7337293108,0.9696675726,,,,,,,,0.598,0.581,,,0.499,0.557
01040811,30.5386592,6.38556134,37.9242205,8.56836431,5.48626536,675.348345,5.124,1,150,4,4,24.40449017,Harry,,1.003902119,0.1,1.448295839,0.2171807871,1.184482532,0.9596123803,,0.4883397439,0.1,0.375,0.4989943711,0.7013620296,0.9596138925,,,,,,,,0.624,0.578,,,0.537,0.559
01040812,32.3426799,6.75600502,40.098685,9.1038539,5.77306204,617.758296,5.1617,1,200,4,4,25.846145,Harry,,1.062636853,0.1,1.931061118,0.2300103823,1.083476277,0.9397123398,,0.5169107611,0.1,0.5,0.5284716369,0.6415536745,0.9397138207,,,,,,,,0.678,0.571,,,0.612,0.561
01040813,34.0662018,7.10977312,42.1759749,9.61608196,6.04626031,572.534974,5.1948,1,250,4,4,27.22347047,,,1.118738734,0.1,2.413826398,0.2422674968,1.004159825,0.9195107272,,0.5442010492,0.1,0.625,0.5566335716,0.5945883992,0.9195121762,,,,,,,,0.731,0.569,,,0.687,0.567
01040814,35.4474439,7.3931927,43.8406366,10.0269956,6.26469851,539.662578,5.2195,1,300,4,4,28.32726842,,,1.163692436,0.1,2.896591677,0.2520904313,0.9465054613,0.902894625,,0.5660683999,0.1,0.75,0.5792027364,0.5604497943,0.9028960478,,,,,,,,0.786,0.569,,,0.763,0.572
01040815,38.3311082,7.98466164,47.3157699,10.8858724,6.71943268,494.367557,5.2665,1,400,4,4,30.63170348,,,1.257521791,0.1,3.862122236,0.2725980927,0.867063257,0.8679370604,,0.6117109006,0.1,1,0.6263211199,0.5134100583,0.8679384281,,,,,,,,0.896,0.578,,,0.915,0.591
01050709,26.0953273,5.47235469,32.567682,7.25290548,4.77547438,952.932856,5.0147,1,100,4.5,3.5,20.85367122,Harry,,0.85916999,0.1,0.965530559,0.1855812885,1.671333513,0.995786322,,0.4179360167,0.1,0.25,0.4263913929,0.9896387944,0.9957878912,,,,,,,,0.578,0.650,,,0.466,0.595
01050710,27.3588799,5.7321733,34.0910532,7.6264225,4.97831939,900.610421,5.0485,1,125,4.5,3.5,21.86341945,Harry,,0.9003387064,0.1,1.206913199,0.1945672543,1.579566041,0.9883145501,,0.4379621926,0.1,0.3125,0.4470375395,0.9353009561,0.9883161075,,,,,,,,0.606,0.641,,,0.505,0.593
01050711,28.3552057,5.93696687,35.2921725,7.92128169,5.13784122,859.279652,5.07353586,1,150,4.5,3.5,22.65961758,Jonathan,,0.9327944936,0.1,1.448295839,0.201652792,1.507076674,0.9805569725,,0.4537500373,0.1,0.375,0.4633172643,0.8923781707,0.9805585177,,,,,,,,0.634,0.633,,,0.543,0.591
01050712,30.3020074,6.33695392,37.6389614,8.49817928,5.44856927,782.212916,5.1188,1,200,4.5,3.5,24.2153736,Jonathan,,0.996196325,0.1,1.931061118,0.2154977982,1.371910573,0.9620816119,,0.484591325,0.1,0.5,0.4951275374,0.8123429078,0.962083128,,,,,,,,0.688,0.620,,,0.619,0.589
01050713,32.0561556,6.69718001,39.7533356,9.01876522,5.72757503,714.049873,5.15593139,1,250,4.5,3.5,25.6171736,,,1.053310018,0.1,2.413826398,0.2279727168,1.252360516,0.9429784277,,0.5123738006,0.1,0.625,0.5237898985,0.7415542984,0.9429799137,,,,,,,,0.742,0.609,,,0.694,0.588
01050714,33.6420992,7.02273467,41.6648339,9.48999763,5.9791008,655.917598,5.1869,1,300,4.5,3.5,26.88455554,,,1.104935602,0.1,2.896591677,0.2392514202,1.150403259,0.924552822,,0.537486632,0.1,0.75,0.5497038368,0.6811828313,0.924554279,,,,,,,,0.796,0.600,,,0.770,0.588
01050715,36.4739045,7.60376501,45.0776696,10.3325716,6.42675754,569.765452,5.2369,1,400,4.5,3.5,29.14754829,,,1.197094939,0.1,3.862122236,0.2593902776,0.9993024048,0.8904455907,,0.5823167662,0.1,1,0.5959748566,0.5917121983,0.8904469939,,,,,,,,0.906,0.592,,,0.922,0.593
01050809,29.1597674,6.10229794,36.2620653,8.15957795,5.26640365,738.906898,5.0928,1,100,4.5,4,19.42750427,Jonathan,,0.9589986857,0.1,0.965530559,0.2073745673,1.295956849,0.9999860751,,0.4664968462,0.1,0.25,0.4764636096,0.767368789,0.999987651,,,,,,,,0.580,0.591,,,0.467,0.563
01050810,30.4336383,6.36399079,37.797629,8.53721618,5.46954221,699.220683,5.1217,1,125,4.5,4,20.27621243,Jonathan,,1.000482742,0.1,1.206913199,0.2164339134,1.226351839,0.9985344943,,0.4866764166,0.1,0.3125,0.4972783548,0.7261539041,0.9985360678,,bad,good,good,bad,bad,good,0.611,0.587,,,0.508,0.565
01050811,31.4614392,6.57506868,39.0365079,8.84219248,5.63307449,667.117409,5.1437,1,150,4.5,4,20.96097805,Jonathan,,1.033947641,0.1,1.448295839,0.2237432916,1.170046427,0.9951419241,,0.5029551351,0.1,0.375,0.5140723751,0.6928140469,0.9951434923,second Go,0.1,0.05,0.65,0.6,0.3,0.3,0.640,0.583,,,0.547,0.567
01050812,33.4568264,6.98470871,41.4415351,9.43491146,5.9497518,606.383551,5.1834,1,200,4.5,4,22.29039172,Jonathan,,1.098904519,0.1,1.931061118,0.2379338217,1.063526296,0.9843290636,,0.5345528621,0.1,0.5,0.5466765236,0.6297407867,0.9843306148,,bad sum,good sum,,,,,0.698,0.577,,,0.625,0.570
01050813,34.9906348,7.29946785,43.2901026,9.89105952,6.19250336,563.394467,5.2115,1,250,4.5,4,23.31228153,,,1.14882592,0.1,2.413826398,0.2488417569,0.9881284373,0.9732576005,,0.558836708,0.1,0.625,0.5717385852,0.5850958098,0.9732591342,,1,1,,,,,0.755,0.575,,,0.703,0.574
01050814,36.5645749,7.62236358,45.1869384,10.3595697,6.44106077,526.022042,5.2384,1,300,4.5,4,24.36090883,,,1.200045034,0.1,2.896591677,0.2600350954,0.922581546,0.9601848847,,0.5837518151,0.1,0.75,0.5974563892,0.5462838396,0.9601863978,,,,,,,,0.812,0.574,,,0.781,0.581
01050815,39.4322559,8.2104426,48.6426985,11.2141696,6.89266035,464.351456,5.283,1,400,4.5,4,26.27148253,,,1.293344996,0.1,3.862122236,0.2804290889,0.8144185033,0.9335647823,,0.6291367974,0.1,1,0.6443136093,0.4822377696,0.9335662534,,,,,,,,0.925,0.576,,,0.935,0.594
01060709,26.8434058,5.62619228,33.4695981,7.47398253,4.89564415,945.055701,5.035,1,100,5,3.5,17.88424351,Jonathan,,0.8835447629,0.1,0.965530559,0.190901374,1.657517899,0.9918377354,,0.4297929199,0.1,0.25,0.4386148163,0.98145822,0.9918392984,,,,,,,,0.576,0.654,,,0.465,0.601
01060710,28.1585259,5.89654465,35.0550706,7.86304415,5.10637384,891.951112,5.0687,1,125,5,3.5,18.76043367,Jonathan,,0.9263869993,0.1,1.206913199,0.2002540707,1.564378619,0.9984459374,,0.4506331656,0.1,0.3125,0.4601035635,0.9263080999,0.9984475108,,,,,,,,0.611,0.645,,,0.508,0.599
01060711,29.3053679,6.13221354,36.4375814,8.20271721,5.28964492,846.648712,5.0962,1,150,5,3.5,19.52450965,Rishi,,0.9637401521,0.1,1.448295839,0.2084100296,1.484923473,0.9999984242,,0.4688032927,0.1,0.375,0.4788426869,0.8792607007,1,,,,,,,,0.643,0.637,,,0.549,0.598
01060712,31.218476,6.52517666,38.7436526,8.77008408,5.59444629,772.729007,5.1386,1,200,5,3.5,20.79910541,Vaishnav,,1.026037884,0.1,1.931061118,0.2220154181,1.355276899,0.9960987887,,0.4991075002,0.1,0.5,0.5101024146,0.8024936889,0.9961003584,,,,,,,,0.703,0.625,,,0.629,0.597
01060713,33.0599371,6.90324477,40.9631819,9.3169627,5.88684363,704.51187,5.1758,1,250,5,3.5,22.02596682,,,1.085986166,0.1,2.413826398,0.235111277,1.235631966,0.9868481962,,0.5282688383,0.1,0.625,0.5401914476,0.7316489019,0.9868497513,,,,,,,,0.762,0.614,,,0.707,0.596
01060714,34.5873314,7.21671388,42.8040452,9.77107376,6.12872473,648.642648,5.2043,1,300,5,3.5,23.04358328,,,1.135699892,0.1,2.896591677,0.2459735972,1.137643842,0.9763524985,,0.5524516621,0.1,0.75,0.5651487044,0.6736276582,0.9763540371,,,,,,,,0.819,0.606,,,0.785,0.596
01060715,37.6048411,7.83572481,46.4405659,10.669426,6.60506137,558.416044,5.2552,1,400,5,3.5,25.05397938,,,1.233891955,0.1,3.862122236,0.2674331226,0.9793968618,0.9508577435,,0.6002163654,0.1,1,0.6144540895,0.5799256234,0.9508592419,,,,,,,,0.933,0.598,,,0.940,0.603
01060809,29.9744932,6.2696786,37.2441718,8.40105273,5.39638314,733.134516,5.1115,1,100,5,4,16.82341102,Vaishnav,,0.9855311336,0.1,0.965530559,0.2131686262,1.285832762,0.9746874872,,0.4794033323,0.1,0.25,0.4897760339,0.7613740611,0.9746890231,,,,,,,,0.569,0.596,,,0.460,0.570
01060810,31.2658877,6.5349128,38.8008005,8.78415431,5.60198552,694.835394,5.1396,1,125,5,4,17.54821595,Vaishnav,,1.027581416,0.1,1.206913199,0.2223525943,1.218660552,0.9876292056,,0.4998583388,0.1,0.3125,0.5108771105,0.7215996986,0.987630762,,,,,,,,0.606,0.593,,,0.504,0.573
01060811,32.4278739,6.77349504,40.2013689,9.12917285,5.78658268,660.616803,5.1634,1,150,5,4,18.20038949,Vaishnav,,1.065411109,0.1,1.448295839,0.2306162537,1.158645119,0.9949012342,,0.5182602748,0.1,0.375,0.5298636864,0.6860630446,0.994902802,,,,,,,,0.640,0.590,,,0.547,0.576
01060812,34.5097548,7.20079515,42.7105499,9.74800068,6.11645411,599.126331,5.2029,1,200,5,4,19.36886089,Vaishnav,,1.133175342,0.1,1.931061118,0.2454218982,1.050797975,0.9999541588,,0.551223616,0.1,0.5,0.5638811213,0.6222040264,0.9999557345,,,,,,,,0.705,0.585,,,0.630,0.580
01060813,36.1801668,7.54351054,44.7236773,10.2451019,6.38040085,552.160236,5.232,1,250,5,4,20.30639226,,,1.187535911,0.1,2.413826398,0.2573013128,0.9684249014,0.9984230165,,0.5776668575,0.1,0.625,0.591175253,0.5734288485,0.9984245898,,,,,,,,0.767,0.581,,,0.711,0.585
01060814,37.7955187,7.87482914,46.6703478,10.7262534,6.63509639,513.246093,5.2582,1,300,5,4,21.21302073,,,1.240096414,0.1,2.896591677,0.2687891583,0.9001740158,0.9934789098,,0.6032344721,0.1,0.75,0.6175697158,0.533015775,0.9934804754,,,,,,,,0.827,0.581,,,0.791,0.591
01060815,40.8431826,8.49968589,50.3428685,11.6350548,7.11432076,448.856898,5.3031,1,400,5,4,22.92354515,,,1.339241111,0.1,3.862122236,0.2904631303,0.7872428488,0.9776957022,,0.6514625766,0.1,1,0.6673678134,0.4661463781,0.9776972429,,,,,,,,0.945,0.584,,,0.948,0.605
02040709,24.3157854,5.32993234,34.6457177,5.75896081,5.72040955,809.515984,3.34672516,5,100,4,3.5,23.58273911,Omkar,,0.8199550257,0.5,0.965530559,0.1729257784,1.419796983,0.9700280662,,0.398860227,0.5,0.25,0.3973141048,0.8406976603,0.9700295948,,,,,,,,0.587,0.575,,,0.479,0.530
02040710,26.3570406,5.76284962,37.1198902,6.30528254,6.12068652,764.205136,3.4425,5,125,4,3.5,25.56245673,Joe,,0.8875692186,0.5,1.206913199,0.1874425064,1.34032702,0.9437539377,,0.4317505826,0.5,0.3125,0.4306677255,0.7936414877,0.9437554249,,,,,,,,0.606,0.576,,,0.511,0.540
02040711,28.1370305,6.13958057,39.276611,6.78504589,6.46545453,713.044683,3.5195,5,150,4,3.5,27.2887854,Joe,,0.9464643157,0.5,1.448295839,0.2001012026,1.250597529,0.9185349995,,0.4603996073,0.5,0.375,0.4597523338,0.7405103896,0.918536447,,,,,,,,0.626,0.572,,,0.544,0.544
02040712,31.3984707,6.82819921,43.2266699,7.67127926,7.08803507,629.906918,3.6472,5,200,4,3.5,30.45190319,Joe,,1.054236738,0.5,1.931061118,0.2232954805,1.104783549,0.8706548016,,0.5128245958,0.5,0.5,0.5130434849,0.6541702482,0.8706561736,,,,,,,,0.667,0.569,,,0.611,0.555
02040713,34.0889108,7.39483457,46.4837454,8.40851263,7.59378612,571.145889,3.7415,5,250,4,3.5,33.06123478,,,1.143021339,0.5,2.413826398,0.2424289957,1.001723531,0.8317479633,,0.5560131185,0.5,0.625,0.5570046312,0.5931458082,0.831749274,,,,,,,,0.712,0.571,,,0.681,0.568
02040714,36.8937639,7.98437014,49.8781341,9.18229156,8.11445557,516.123788,3.8309,5,300,4,3.5,35.78153017,,,1.235481938,0.5,2.896591677,0.262376178,0.9052211585,0.7929512472,,0.6009897992,0.5,0.75,0.6028352585,0.5360043156,0.7929524968,,,,,,,,0.757,0.576,,,0.750,0.583
02040715,42.4060025,9.13990686,56.5459094,10.7161476,9.12092071,427.798247,3.9849,5,400,4,3.5,41.1275917,,,1.416933451,0.5,3.862122236,0.3015773856,0.7503084216,0.723465217,,0.6892553617,0.5,1,0.692903916,0.4442765707,0.7234663571,,,,,,,,0.851,0.593,,,0.892,0.618
02040809,27.6808573,6.04309735,38.7239547,6.66180875,6.37745498,658.220534,3.5003,5,100,4,4,22.12072264,Joe,,0.9313759807,0.5,0.965530559,0.1968570505,1.154442341,0.9859639955,,0.4530600136,0.5,0.25,0.4522985731,0.6835744739,0.9859655492,,,,,,,,0.594,0.545,,,0.483,0.522
02040810,29.694877,6.46875614,41.1636332,7.20726013,6.76422224,614.16703,3.5825,5,125,4,4,23.73019487,Joe,,0.9979630264,0.5,1.206913199,0.2111800888,1.077177614,0.9682226162,,0.4854507221,0.5,0.3125,0.4852071722,0.6378240768,0.968224142,,,,,,,,0.617,0.546,,,0.519,0.531
02040811,31.4500752,6.83907914,43.2891544,7.68536909,7.09779782,578.516676,3.64909621,5,150,4,4,25.13283396,Rishi,,1.055940494,0.5,1.448295839,0.2236624746,1.014651035,0.9497690982,,0.5136533734,0.5,0.375,0.5138866901,0.6008005099,0.9497705949,,,,,,,,0.640,0.549,,,0.554,0.540
02040812,34.4501327,7.47082311,46.9209559,8.50788585,7.66120253,523.659179,3.75349378,5,200,4,4,27.53028282,Rishi,,1.154934884,0.5,1.931061118,0.2449978857,0.9184373588,0.9149174816,,0.5618083623,0.5,0.5,0.5629069105,0.5438299617,0.9149189233,,,,,,,,0.687,0.555,,,0.624,0.557
02040813,37.3341794,8.07683679,50.4110162,9.30423298,8.19565134,476.400234,3.8442,5,250,4,4,29.83502348,,,1.249991737,0.5,2.413826398,0.2655082666,0.83555066,0.8800030612,,0.608047969,0.5,0.625,0.6100315422,0.4947506535,0.8800044479,,,,,,,,0.734,0.564,,,0.695,0.575
02040814,40.0557666,8.6476794,53.703446,10.0601888,8.69430405,436.71601,3.9224,5,300,4,4,32.00993717,,,1.339606632,0.5,2.896591677,0.2848632896,0.7659491418,0.847264281,,0.6516403811,0.5,0.75,0.6545016247,0.4535378363,0.8472656162,,,,,,,,0.781,0.574,,,0.767,0.594
02040815,45.5271555,9.79265673,60.3198122,11.5913223,9.68231335,370.628765,4.0616,5,400,4,4,36.38231173,,,1.519545404,0.5,3.862122236,0.3237739877,0.6500397924,0.7846805563,,0.7391700833,0.5,1,0.7439028078,0.3849049824,0.7846817928,,,,,,,,0.878,0.599,,,0.910,0.636
02050709,24.8098579,5.43480983,35.2446677,5.89079665,5.81781071,800.926897,3.3707,5,100,4.5,3.5,19.82640853,Keita,,0.8363290971,0.5,0.965530559,0.1764394577,1.404732722,0.9997289591,,0.4068252564,0.5,0.25,0.4053871311,0.831777731,0.9997305345,,,,,,,,0.600,0.576,,,0.487,0.533
02050710,26.7592684,5.84804072,37.6073091,6.41343823,6.1989281,759.675724,3.4604,5,125,4.5,3.5,21.38424933,Keita,,0.9008833093,0.5,1.206913199,0.1903030168,1.332382957,0.9922359429,,0.43822711,0.5,0.3125,0.4372400313,0.7889376076,0.9922375065,,,,,,,,0.628,0.578,,,0.526,0.543
02050711,28.6237265,6.24247222,39.8661987,6.91673268,6.55908101,707.370258,3.5396,5,150,4.5,3.5,22.87420176,Keita,,0.9625581207,0.5,1.448295839,0.2035624227,1.240645247,0.9782404354,,0.4682283034,0.5,0.375,0.4677048298,0.7346173919,0.978241977,,,,,,,,0.653,0.575,,,0.562,0.548
02050712,31.8867849,6.9311333,43.8179182,7.80470179,7.18032296,624.242453,3.665,5,200,4.5,3.5,25.48182366,Omkar ,,1.070358911,0.5,1.931061118,0.2267682087,1.094848735,0.9448930721,,0.5206670912,0.5,0.5,0.5210224219,0.6482875942,0.9448945611,,,,,,,,0.700,0.572,,,0.633,0.559
02050713,35.1775019,7.62377616,47.8012781,8.7082315,7.79661456,552.675599,3.7772,5,250,4.5,3.5,28.1115485,,,1.178917576,0.5,2.413826398,0.2501706935,0.9693287882,0.9061589268,,0.5734745409,0.5,0.625,0.5747919489,0.5739640627,0.9061603547,,,,,,,,0.745,0.574,,,0.703,0.574
02050714,38.1381628,8.24556851,51.3837313,9.52711731,8.34350655,496.083546,3.868,5,300,4.5,3.5,30.47751419,,,1.276473133,0.5,2.896591677,0.2712259291,0.8700729024,0.8702674573,,0.6209296213,0.5,0.75,0.6231684383,0.5151921453,0.8702688287,,,,,,,,0.792,0.580,,,0.774,0.591
02050715,43.6264666,9.3952732,58.0217398,11.057841,9.34110864,409.54552,4.0157,5,400,4.5,3.5,34.86340603,,,1.457067831,0.5,3.862122236,0.3102569204,0.7182952592,0.805806187,,0.7087783937,0.5,1,0.7128460068,0.4253207685,0.8058074569,,,,,,,,0.888,0.597,,,0.917,0.626
02050809,28.1034493,6.13247943,39.2359287,6.77596844,6.4589852,655.436554,3.51809863,5,100,4.5,4,18.72373925,Omkar,,0.9453538314,0.5,0.965530559,0.1998623843,1.149559564,0.9982811812,,0.4598594216,0.5,0.25,0.4592036251,0.680683258,0.9982827544,,,,,,,,0.599,0.548,,,0.487,0.526
02050810,30.324533,6.60167003,41.926203,7.37849308,6.88425135,606.704623,3.6069,5,125,4.5,4,20.20352173,Siddarth,,1.018767459,0.5,1.206913199,0.2156579928,1.064089419,0.9987874466,,0.4955708635,0.5,0.3125,0.4954956003,0.630074226,0.9987890205,,,,,,,,0.631,0.549,,,0.528,0.536
02050811,32.1454222,6.98563604,44.1310582,7.87543341,7.22911603,569.749166,3.6743,5,150,4.5,4,21.41667725,Siddarth,,1.078896389,0.5,1.448295839,0.2286075512,0.999273841,0.9919907142,,0.5248200755,0.5,0.375,0.5252484934,0.5916952849,0.9919922774,,,,,,,,0.659,0.552,,,0.566,0.545
02050812,35.2614939,7.64143311,47.902927,8.73138628,7.81223075,512.46498,3.7799,5,200,4.5,4,23.49273964,Siddarth,,1.181686931,0.5,1.931061118,0.2507680167,0.8988040343,0.9711148484,,0.5748216703,0.5,0.5,0.576164358,0.5322045743,0.9711163787,,,,,,,,0.712,0.558,,,0.641,0.563
02050813,38.4683525,8.31484067,51.7831931,9.61875384,8.40408673,460.752711,3.8776,5,250,4.5,4,25.6292882,,,1.287345755,0.5,2.413826398,0.2735741285,0.8081067227,0.9428064577,,0.6262185169,0.5,0.625,0.6285636588,0.4785004049,0.9428079434,,,,,,,,0.762,0.568,,,0.714,0.583
02050814,41.0846763,8.86325041,54.9479267,10.3470237,8.88150456,422.846812,3.9503,5,300,4.5,4,27.37239682,,,1.373466304,0.5,2.896591677,0.2921805531,0.7416241799,0.9172842333,,0.6681111339,0.5,0.75,0.6713137626,0.4391344118,0.9172856788,,,,,,,,0.813,0.578,,,0.788,0.601
02050815,46.7550106,10.0491774,61.8041881,11.9367829,9.90168454,354.200695,4.09,5,400,4.5,4,31.15021995,,,1.559890531,0.5,3.862122236,0.3325060847,0.6212268663,0.860123095,,0.7587956315,0.5,1,0.7639656658,0.367844121,0.8601244504,,,,,,,,0.912,0.604,,,0.933,0.645
02060709,25.2071367,5.51909691,35.7262336,5.99698351,5.89587525,796.14032,3.3896,5,100,5,3.5,16.79408993,Jonathan,,0.8494899114,0.5,0.965530559,0.1792647724,1.396337622,0.9740394571,,0.4132272238,0.5,0.25,0.4118785714,0.8268067803,0.974040992,,,,,,,,0.588,0.578,,,0.480,0.536
02060710,27.3604591,5.97530506,38.3357642,6.57537542,6.31550053,751.757531,3.4866,5,125,5,3.5,18.22872689,Ari ,,0.9207768536,0.5,1.206913199,0.1945784851,1.318495367,0.9951363194,,0.4479041574,0.5,0.3125,0.4470633433,0.7807144144,0.9951378876,,,,,,,,0.629,0.581,,,0.527,0.547
02060711,29.4033168,6.40718529,40.8105021,7.12808874,6.70851095,695.053037,3.571,5,150,5,3.5,19.58976747,Ari ,,0.9883285493,0.5,1.448295839,0.2091066096,1.219042272,0.9999790019,,0.4807641117,0.5,0.375,0.4804431484,0.7218257249,0.9999805777,,,,,,,,0.662,0.577,,,0.569,0.553
02060712,32.9303849,7.15098269,45.0813676,8.09043226,7.37681435,606.656209,3.702,5,200,5,3.5,21.93965351,Ari ,,1.104803329,0.5,1.931061118,0.2341899448,1.064004506,0.9876349245,,0.537422289,0.5,0.5,0.5380745957,0.6300239471,0.9876364808,,,,,,,,0.719,0.575,,,0.646,0.566
02060713,36.0986385,7.81736306,48.9160015,8.96244453,7.96748928,538.856279,3.8064,5,250,5,3.5,24.05048175,,,1.209280986,0.5,2.413826398,0.2567215107,0.9450913065,0.9642013051,,0.5882445667,0.5,0.625,0.5898431001,0.5596124375,0.9642028246,,,,,,,,0.771,0.577,,,0.721,0.581
02060714,39.1744811,8.46293606,52.6374172,9.81495909,8.53340012,481.188229,3.8978,5,300,5,3.5,26.09974176,,,1.310597086,0.5,2.896591677,0.2785958802,0.843948247,0.9360586996,,0.6375289315,0.5,0.75,0.6401016309,0.4997230769,0.9360601747,,,,,,,,0.821,0.583,,,0.793,0.598
02060715,44.9032461,9.66225438,59.5655005,11.4160291,9.57053731,392.704632,4.0468,5,400,5,3.5,29.91649396,,,1.499040458,0.5,3.862122236,0.3193369515,0.6887582983,0.8787667516,,0.7291956249,0.5,1,0.7337082778,0.4078311878,0.8787681364,,,,,,,,0.920,0.602,,,0.939,0.635
02060809,28.7020887,6.25903416,39.9611229,6.93795265,6.57412955,649.616564,3.5428,5,100,5,4,16.10926437,Ari ,,0.9651487286,0.5,0.965530559,0.2041197086,1.139351978,0.9556966627,,0.4694884828,0.5,0.25,0.4689852494,0.6746390884,0.9556981687,,,,,,,,0.580,0.551,,,0.474,0.531
02060810,31.0124445,6.74679731,42.7592418,7.56594438,7.01491409,598.963484,3.6329,5,125,5,4,17.40596904,Ari ,,1.041489891,0.5,1.206913199,0.2205501906,1.050512361,0.985526626,,0.5066239992,0.5,0.3125,0.5067359093,0.6220349067,0.985528179,,,,,,,,0.625,0.553,,,0.524,0.541
02060811,32.9418831,7.15340394,45.0952871,8.09358445,7.37897343,560.109726,3.7024,5,150,5,4,18.48888104,Ashish,,1.105182706,0.5,1.448295839,0.2342717162,0.9823673832,0.9970092284,,0.5376068334,0.5,0.375,0.5382624735,0.5816845442,0.9970107995,,,,,,,,0.661,0.556,,,0.568,0.551
02060812,36.1435193,7.82679214,48.9703115,8.97484275,7.97579678,501.891583,3.8078,5,200,5,4,20.28582358,Ashish,,1.210759966,0.5,1.931061118,0.257040688,0.8802595245,0.9984994004,,0.5889640041,0.5,0.5,0.5905764416,0.5212239016,0.9985009739,,,,,,,,0.724,0.563,,,0.650,0.570
02060813,39.2523303,8.47925941,52.7315897,9.83660367,8.54763348,451.514789,3.9,5,250,5,4,22.03066726,,,1.313159796,0.5,2.413826398,0.2791495178,0.7919044808,0.986804836,,0.6387755403,0.5,0.625,0.6413736682,0.4689066482,0.9868063911,,,,,,,,0.782,0.572,,,0.727,0.589
02060814,42.4917704,9.15785796,56.6496283,10.7401349,9.13642232,404.64799,3.9871,5,300,5,4,23.84882752,,,1.419754087,0.5,2.896591677,0.3021873384,0.7097055606,0.966748572,,0.6906274366,0.5,0.75,0.6943053429,0.420234591,0.9667500954,,,,,,,,0.835,0.584,,,0.803,0.612
02060815,48.097504,10.3294851,63.4269891,12.3151998,10.1406286,337.957913,4.12,5,400,5,4,26.9950879,,,1.603987743,0.5,3.862122236,0.3420534513,0.5927389139,0.9229124986,,0.7802463492,0.5,1,0.7859016862,0.3509756847,0.922913953,,,,,,,,0.940,0.611,,,0.952,0.655
03040709,26.4862469,5.91752526,42.4037722,5.78868712,6.84680369,630.771006,2.61213297,10,100,4,3.5,25.68776786,Ari ,,0.9025350579,1,0.965530559,0.1883613787,1.106299059,0.9419749813,,0.4390305892,1,0.25,0.4327789255,0.6550676199,0.9419764657,,,,,,,,0.599,0.523,,,0.495,0.500
03040710,29.3809137,6.54311508,45.9240287,6.51284397,7.47872988,588.214272,2.7375,10,125,4,3.5,28.49516934,Ashish,,0.9993981321,1,1.206913199,0.2089472862,1.031659492,0.9003502524,,0.4861488172,1,0.3125,0.4800770871,0.6108716468,0.9003516713,,,,,,,,0.611,0.534,,,0.523,0.520
03040711,31.7196469,7.04702574,48.7666726,7.10456837,7.98084521,547.652543,2.83039994,10,150,4,3.5,30.76339691,Rishie,,1.077529541,1,1.448295839,0.2255795788,0.9605189316,0.8659489564,,0.5241551842,1,0.375,0.518291427,0.568747524,0.865950321,,,,,,,,0.627,0.540,,,0.554,0.534
03040712,36.5527568,8.08459487,54.6373517,8.34377971,8.99765353,472.904827,3.0026,10,200,4,3.5,35.45080339,Jonathan,,1.238673803,1,1.931061118,0.259951049,0.8294201222,0.7975522472,,0.6025424551,1,0.5,0.5972632843,0.4911206072,0.797553504,,,,,,,,0.659,0.556,,,0.614,0.566
03040713,41.1715536,9.07203475,60.2435883,9.54588927,9.94668314,413.566353,3.1467,10,250,4,3.5,39.93035764,,,1.392326601,1,2.413826398,0.2927983956,0.7253473331,0.7382145298,,0.6772855665,1,0.625,0.6727333168,0.4294964797,0.7382156931,,,,,,,,0.695,0.576,,,0.678,0.600
03040714,45.7365911,10.0446147,65.7812058,10.7485883,10.866131,364.136475,3.2733,10,300,4,3.5,44.35777327,,,1.543908521,1,2.896591677,0.325263424,0.6386530701,0.685959998,,0.7510213171,1,0.75,0.7473249353,0.3781626164,0.6859610789,,,,,,,,0.734,0.600,,,0.743,0.637
03040715,55.4088183,12.0961595,77.5049778,13.3363174,12.7639979,283.942322,3.5013,10,400,4,3.5,53.73841251,,,1.864308236,1,3.862122236,0.3940490869,0.498001843,0.5940639938,,0.9068770638,1,1,0.9053668093,0.2948794718,0.5940649299,,,,,,,,0.817,0.661,,,0.878,0.722
03040809,29.7493012,6.62257567,46.3718768,6.60568004,7.55830011,536.602766,2.7526,10,100,4,4,23.77368711,Jonathan,,1.011712868,1,0.965530559,0.2115671356,0.9411389065,0.9676843898,,0.4921392168,1,0.25,0.4860964506,0.5572721216,0.9676859147,,,,,,,,0.610,0.516,,,0.503,0.508
03040810,32.6177335,7.24019627,49.8579297,7.3332322,8.17183116,495.299133,2.8643,10,125,4,4,26.06594977,Jonathan,,1.107504526,1,1.206913199,0.231966472,0.8686971331,0.9365476073,,0.5387362632,1,0.3125,0.5329659468,0.5143775175,0.9365490831,,,,,,,,0.628,0.527,,,0.534,0.528
03040811,35.2369311,7.80258275,53.0395138,8.00437112,8.72340708,460.14761,2.9581,10,150,4,4,28.15904042,Joey,,1.1948413,1,1.448295839,0.2505933342,0.8070454458,0.9054407909,,0.5812205027,1,0.375,0.5757630077,0.4778719961,0.9054422177,,,,,,,,0.645,0.538,,,0.565,0.547
03040812,40.0375764,8.82994237,58.8675188,9.2492891,9.7155388,403.799746,3.11293976,10,200,4,4,31.99540076,Rishie,,1.354630564,1,1.931061118,0.2847339269,0.7082178391,0.8474805359,,0.6589486466,1,0.5,0.6542044012,0.4193536736,0.8474818714,,,,,,,,0.681,0.561,,,0.629,0.584
03040813,44.2126855,9.7202891,63.9329746,10.3456259,10.5610804,361.42988,3.2326,10,250,4,4,35.33187366,,,1.493336164,1,2.413826398,0.3144259142,0.6339060169,0.7992149868,,0.7264208193,1,0.625,0.7224246831,0.3753517663,0.7992162462,,,,,,,,0.722,0.584,,,0.696,0.619
03040814,48.720312,10.6787069,69.399019,11.5415614,11.4583369,322.533701,3.3489,10,300,4,4,38.93407263,,,1.642849879,1,2.896591677,0.3464826546,0.5656866381,0.7508459371,,0.7991505083,1,0.75,0.7960782196,0.3349573488,0.7508471203,,,,,,,,0.763,0.612,,,0.763,0.658
03040815,58.1553157,12.6767883,80.832104,14.0794394,13.292327,268.164428,3.558,10,400,4,4,46.47390775,,,1.955126171,1,3.862122236,0.4135812629,0.4703292501,0.6631245578,,0.9510546849,1,1,0.9502439185,0.2784938305,0.6631256028,,,,,,,,0.848,0.682,,,0.899,0.749
03050709,26.8949977,6.00599989,42.9009975,5.89036,6.93678561,625.247541,2.6306,10,100,4.5,3.5,21.49271527,Rishie,,0.9162246864,1,0.965530559,0.1912682784,1.096611543,0.991403772,,0.4456897939,1,0.25,0.4394578156,0.6493313971,0.9914053343,,,,,,,,0.621,0.525,,,0.510,0.503
03050710,29.6414984,6.59932625,46.2408247,6.57850219,7.53502802,586.430394,2.7482,10,125,4.5,3.5,23.6875382,Rishie,,1.008109301,1,1.206913199,0.2108004779,1.028530777,0.9687480077,,0.4903862919,1,0.3125,0.4843349787,0.6090190557,0.9687495343,,,,,,,,0.642,0.535,,,0.544,0.522
03050711,32.6338533,7.24366189,49.8775152,7.33734325,8.1752498,535.40125,2.8649,10,150,4.5,3.5,26.07883165,Vaishnav,,1.108042361,1,1.448295839,0.2320811107,0.9390315871,0.9363613022,,0.5389978886,1,0.375,0.5332293405,0.5560243245,0.9363627777,,,,,,,,0.659,0.544,,,0.575,0.541
03050712,37.6414969,8.31769099,55.9591879,8.62568454,9.22321926,459.705194,3.0382,10,200,4.5,3.5,30.08061143,Vaishnav,,1.2749217,1,1.931061118,0.2676938064,0.8062694996,0.8762776354,,0.6201749398,1,0.5,0.6150530365,0.4774125387,0.8762790163,,,,,,,,0.694,0.561,,,0.638,0.574
03050713,42.0086631,9.25061647,61.2592796,9.76540745,10.116584,404.324954,3.171,10,250,4.5,3.5,33.57056376,,,1.420142246,1,2.413826398,0.29875164,0.7091389929,0.8243267128,,0.6908162534,1,0.625,0.6864114854,0.419899112,0.8243280119,,,,,,,,0.733,0.581,,,0.704,0.607
03050714,46.7201867,10.2537768,66.9739635,11.0094168,11.0620727,353.780234,3.2988,10,300,4.5,3.5,37.33570389,,,1.576534964,1,2.896591677,0.3322584287,0.6204894266,0.7717914981,,0.7668921759,1,0.75,0.7633966517,0.3674074643,0.7717927143,,,,,,,,0.772,0.606,,,0.769,0.645
03050715,56.8626161,12.4035982,79.2662143,13.7292564,13.0441823,270.73107,3.5317,10,400,4.5,3.5,45.44086715,,,1.912388479,1,3.862122236,0.4043880133,0.474830842,0.6741064551,,0.9302652936,1,1,0.9291215169,0.2811593367,0.6741075174,,,,,,,,0.853,0.670,,,0.902,0.735
03050809,30.22168,6.72441863,46.9460987,6.72492753,7.66006317,532.240898,2.7717,10,100,4.5,4,20.13499659,Vaishnav,,1.027499336,1,0.965530559,0.2149265365,0.9334886968,0.9990054201,,0.4998184114,1,0.25,0.4938150069,0.5527422392,0.9990069944,,,,,,,,0.625,0.519,,,0.512,0.512
03050810,33.1675408,7.35836806,50.5259088,7.47360204,8.28826653,490.173119,2.8846,10,125,4.5,4,22.09765708,Vaishnav,,1.125847755,1,1.206913199,0.2358765187,0.8597067001,0.986181173,,0.5476591729,1,0.3125,0.5419496663,0.5090540551,0.9861827271,,,,,,,,0.650,0.530,,,0.549,0.533
03050811,35.8694955,7.93819757,53.807693,8.1673577,8.85548065,454.171511,2.9797,10,150,4.5,4,23.89781672,Harry,,1.215917025,1,1.448295839,0.2550919219,0.7965640625,0.9661344759,,0.5914726119,1,0.375,0.5860989584,0.4716657042,0.9661359984,,,,,,,,0.672,0.541,,,0.584,0.552
03050812,40.4890634,8.92635534,59.4154188,9.36727323,9.80771342,399.672423,3.1265,10,200,4.5,4,26.97557362,Harry,,1.369641904,1,1.931061118,0.2879447523,0.7009789941,0.9232023964,,0.6662507863,1,0.5,0.6615815906,0.4150673706,0.9232038512,,,,,,,,0.715,0.564,,,0.652,0.588
03050813,45.1308749,9.91574235,65.0466172,10.5882466,10.7450937,352.61342,3.2573,10,250,4.5,4,30.06815016,,,1.523810021,1,2.413826398,0.3209557718,0.6184429704,0.8764665615,,0.7412445708,1,0.625,0.7374276778,0.3661957059,0.8764679426,,,,,,,,0.757,0.590,,,0.719,0.626
03050814,49.7449093,10.896186,70.6410952,11.8150037,11.660232,312.861755,3.3737,10,300,4.5,4,33.1422204,,,1.67680255,1,2.896591677,0.3537692499,0.5487231685,0.8305635198,,0.8156664998,1,0.75,0.8128198939,0.3249128499,0.8305648287,,,,,,,,0.799,0.618,,,0.787,0.667
03050815,59.5736542,12.976341,82.5499953,14.4644718,13.5635462,252.516132,3.5861,10,400,4.5,4,39.69055739,Joe,,2.002001286,1,3.862122236,0.4236680146,0.442883957,0.7412250573,,0.9738566901,1,1,0.9734192296,0.2622427791,0.7412262254,,,,,,,,0.884,0.689,,,0.922,0.760
03060709,27.4032952,6.11595725,43.5192525,6.01706914,7.04833421,619.19245,2.6532,10,100,5,3.5,18.25726616,Harry,,0.9332430964,1,0.965530559,0.1948831212,1.085991617,0.9953667604,,0.4539682564,1,0.25,0.4477632749,0.6430430705,0.995368329,,,,,,,,0.623,0.527,,,0.511,0.507
03060710,30.4970269,6.78375758,47.2807845,6.79453547,7.71923897,575.638073,2.7827,10,125,5,3.5,20.31844467,Harry,,1.036698174,1,1.206913199,0.216884712,1.0096023,0.9983774514,,0.504293109,1,0.3125,0.4983141093,0.5978110262,0.9983790247,,,,,,,,0.656,0.539,,,0.553,0.529
03060711,33.246834,7.37540546,50.6222395,7.49386716,8.30502814,528.705193,2.8875,10,150,5,3.5,22.15048566,Harry,,1.128492521,1,1.448295839,0.2364404256,0.9272874811,0.9856819323,,0.5489456973,1,0.375,0.5432452982,0.5490703427,0.9856834856,,,,,,,,0.681,0.547,,,0.589,0.546
03060712,38.0850239,8.41258706,56.497611,8.74078103,9.31476725,455.807877,3.0524,10,200,5,3.5,25.37389803,Harry,,1.28968202,1,1.931061118,0.270848023,0.7994340584,0.9464106579,,0.6273549734,1,0.5,0.6223001614,0.4733651013,0.9464121493,,,,,,,,0.726,0.564,,,0.659,0.578
03060713,42.9991978,9.46178785,62.4609856,10.0257815,10.316846,394.117904,3.1991,10,250,5,3.5,28.64793424,,,1.453044821,1,2.413826398,0.3057959933,0.6912370131,0.898033046,,0.7068214344,1,0.625,0.702596585,0.4092988975,0.8980344612,,,,,,,,0.767,0.586,,,0.726,0.615
03060714,47.8707861,10.4982874,68.3690734,11.3152595,11.2903811,342.386333,3.3279,10,300,5,3.5,31.89359808,Joe,,1.614688614,1,2.896591677,0.340441109,0.600505848,0.8489962329,,0.7854516981,1,0.75,0.7821971701,0.3555746826,0.8489975707,,,,,,,,0.807,0.612,,,0.792,0.655
03060715,58.4849501,12.7464244,81.2313745,14.1688581,13.35545,257.055038,3.5646,10,400,5,3.5,38.96521541,Joe,,1.966022007,1,3.862122236,0.4159255131,0.4508446708,0.7504461552,,0.9563548726,1,1,0.9556300656,0.2669565188,0.7504473378,,,,,,,,0.888,0.680,,,0.925,0.749
03060809,30.7900394,6.84688388,47.6369233,6.86869367,7.78211183,527.218729,2.7943,10,100,5,4,17.28114249,Unko,,1.046486107,1,0.965530559,0.2189685195,0.9246803959,0.9835140521,,0.5090543667,1,0.25,0.5031018633,0.5475266217,0.9835156019,,,,,,,,0.618,0.522,,,0.508,0.517
03060810,33.5769597,7.44632388,51.0232836,7.57831436,8.37474289,487.73963,2.8995,10,125,5,4,18.84532259,Unko,,1.139504089,1,1.206913199,0.2387881697,0.8554386431,0.9987931659,,0.5543021819,1,0.3125,0.548639473,0.5065268307,0.9987947399,,,,,,,,0.656,0.533,,,0.553,0.537
03060811,36.3065827,8.03185919,54.3384419,8.28017719,8.94648904,450.866397,2.9944,10,150,5,4,20.37734414,Unko,,1.230476159,1,1.448295839,0.2582003406,0.7907672766,0.9981462772,,0.5985547803,1,0.375,0.5932408585,0.4682332808,0.9981478501,,,,,,,,0.687,0.544,,,0.593,0.556
03060812,41.369745,9.11432522,60.4840702,9.59781444,9.98696818,391.571982,3.1525,10,200,5,4,23.21908228,Unko,,1.398913044,1,1.931061118,0.2942078669,0.6867717618,0.9743444416,,0.6804894866,1,0.5,0.6759717168,0.4066549094,0.974345977,,,,,,,,0.738,0.569,,,0.667,0.596
03060813,46.1234647,10.1268993,66.250364,10.8511203,10.9432887,343.439513,3.2834,10,250,5,4,25.88714342,Joe,,1.5567435,1,2.413826398,0.3280147404,0.6023530034,0.9391241447,,0.7572647845,1,0.625,0.7536463572,0.35666843,0.9391256246,,,,,,,,0.785,0.596,,,0.738,0.635
03060814,50.9474884,11.1512784,72.0987668,12.136672,11.8962972,302.405697,3.4021,10,300,5,4,28.5946632,Joe,,1.716640657,1,2.896591677,0.3623215924,0.5303844576,0.8988412929,,0.835045412,1,0.75,0.8324697481,0.3140540359,0.8988427093,,,,,,,,0.829,0.626,,,0.807,0.677
03060815,61.2004082,13.3196763,84.5200845,14.9071114,13.8733224,236.3393,3.6174,10,400,5,4,34.34919199,Joe,,2.055745271,1,3.862122236,0.435236948,0.4145116732,0.8131157965,,1,1,1,1,0.2454428331,0.8131170779,,,,,,,,0.916,0.698,,,0.944,0.774
,,,,,,,,,,,,,,,,,,,,,,,,,,,,,,,,,,,,,,,,
,,,,,,,,,,,,,,max,2.055745271,1,3.862122236,0.435236948,1.688831847,0.9999984242,,,,,,,,,,,,,,,,,,,,